	microcluster
WT_AAACGGGAGGGAACGG-1	48
WT_AAAGATGGTCTCGTTC-1	92
WT_AAAGCAATCCGGGTGT-1	110
WT_AAATGCCCATCACAAC-1	0
WT_AAATGCCGTCTTCAAG-1	80
WT_AACCATGTCCACTCCA-1	47
WT_AACCGCGGTCCAAGTT-1	40
WT_AACTCAGTCGCGGATC-1	79
WT_AACTCTTAGTACACCT-1	91
WT_AACTCTTCAATGAAAC-1	41
WT_AAGGAGCGTGGGTATG-1	62
WT_AAGTCTGAGTTTAGGA-1	78
WT_AATCCAGGTTCGTCTC-1	42
WT_ACACCAAAGCATGGCA-1	67
WT_ACACCGGCAGGAACGT-1	111
WT_ACACTGAGTAGTAGTA-1	54
WT_ACAGCCGCAGGGCATA-1	46
WT_ACATACGTCTTGGGTA-1	113
WT_ACATCAGAGGTGTGGT-1	49
WT_ACATCAGTCCACTGGG-1	56
WT_ACATGGTCAAGTCTGT-1	42
WT_ACATGGTGTCTCCATC-1	0
WT_ACCAGTAAGACCTAGG-1	100
WT_ACCAGTAGTACACCGC-1	22
WT_ACCAGTAGTCATACTG-1	80
WT_ACCCACTCACTGAAGG-1	58
WT_ACCTTTACAGCTGGCT-1	86
WT_ACGAGCCGTTGAGTTC-1	0
WT_ACGAGGACAGTCCTTC-1	68
WT_ACGAGGATCAGTTAGC-1	37
WT_ACGATACCAGGTTTCA-1	68
WT_ACGCAGCGTCCATCCT-1	89
WT_ACGCAGCTCCCAACGG-1	57
WT_ACGCCAGAGACTCGGA-1	108
WT_ACGCCGATCTATGTGG-1	58
WT_ACGGCCACACCATCCT-1	9
WT_ACGGGTCAGCCACGTC-1	81
WT_ACGGGTCTCGAGCCCA-1	70
WT_ACGTCAAGTAGGCATG-1	38
WT_ACGTCAAGTCCCGACA-1	91
WT_ACTGAACAGTAATCCC-1	88
WT_ACTGAACAGTCTTGCA-1	43
WT_ACTGAACTCCCGACTT-1	76
WT_ACTGAACTCGTGGGAA-1	73
WT_ACTGAACTCTGCTGTC-1	92
WT_ACTGATGCAGCTCGAC-1	70
WT_ACTGATGGTCTTTCAT-1	80
WT_ACTGCTCAGGAGTACC-1	38
WT_ACTGTCCCATCAGTCA-1	46
WT_ACTTACTGTAAGCACG-1	106
WT_ACTTGTTGTCGCATCG-1	58
WT_ACTTGTTTCCGTTGCT-1	89
WT_ACTTTCACACAGAGGT-1	53
WT_AGAATAGCACATAACC-1	25
WT_AGACGTTGTAAGAGGA-1	1
WT_AGAGCGACACTGAAGG-1	80
WT_AGAGTGGGTAGCTAAA-1	76
WT_AGATCTGAGTAACCCT-1	77
WT_AGATTGCAGGCACATG-1	27
WT_AGATTGCCACTGCCAG-1	77
WT_AGATTGCGTGAAATCA-1	43
WT_AGATTGCTCAGCATGT-1	38
WT_AGCATACGTATGAATG-1	46
WT_AGCATACGTTCGTGAT-1	23
WT_AGCGTATAGATGCGAC-1	84
WT_AGCGTCGGTACCAGTT-1	80
WT_AGCGTCGTCTCTTGAT-1	78
WT_AGCTCTCAGATGTCGG-1	2
WT_AGCTCTCGTCCGAAGA-1	32
WT_AGCTCTCGTTACCGAT-1	70
WT_AGCTTGACAGGCAGTA-1	9
WT_AGGCCACAGCGTGAAC-1	53
WT_AGGCCACGTGTATGGG-1	111
WT_AGGCCACTCGCATGAT-1	38
WT_AGGCCGTGTCTAGTGT-1	71
WT_AGGCCGTTCCTCCTAG-1	20
WT_AGGGAGTTCCCAAGAT-1	59
WT_AGGGATGCACTTCTGC-1	28
WT_AGGGATGCATAAGACA-1	98
WT_AGGGTGAAGCGTGAAC-1	80
WT_AGGTCATAGGCTACGA-1	70
WT_AGGTCATTCTCAAACG-1	0
WT_AGTAGTCCAGACGTAG-1	42
WT_AGTCTTTTCGTTGCCT-1	70
WT_AGTTGGTGTATGCTTG-1	43
WT_ATAACGCCAGTGGGAT-1	74
WT_ATAAGAGCAGACAAAT-1	57
WT_ATAGACCAGAGTGACC-1	12
WT_ATCACGAGTCTAGGTT-1	57
WT_ATCTGCCGTTACGGAG-1	109
WT_ATGCGATAGGAGCGAG-1	41
WT_ATGCGATCAATGTTGC-1	61
WT_ATGTGTGCAAACTGCT-1	68
WT_ATGTGTGCATTCACTT-1	9
WT_ATTATCCAGCATCATC-1	9
WT_ATTATCCGTTGTGGCC-1	46
WT_ATTCTACAGCTGCAAG-1	50
WT_ATTGGACAGGTGACCA-1	72
WT_ATTGGACTCCGTAGGC-1	86
WT_ATTGGTGAGGTCGGAT-1	91
WT_CAACCAAGTCTCATCC-1	19
WT_CAACCTCGTATTCGTG-1	72
WT_CAACTAGAGGCCATAG-1	36
WT_CAAGATCTCCAGGGCT-1	22
WT_CAAGGCCCATCCAACA-1	72
WT_CAAGTTGGTGGGTCAA-1	41
WT_CACAAACGTCTTGCGG-1	111
WT_CACACAAGTTCGCTAA-1	99
WT_CACACTCTCTGGCGTG-1	51
WT_CACAGGCTCAGTTTGG-1	9
WT_CACAGGCTCTTCGGTC-1	31
WT_CACATAGCAAGTTCTG-1	94
WT_CACATAGGTAACGCGA-1	54
WT_CACCTTGAGTAGCCGA-1	34
WT_CACCTTGCAGGTTTCA-1	109
WT_CACTCCAGTAGCACGA-1	110
WT_CAGAATCAGCTCCTTC-1	25
WT_CAGAGAGAGCAATCTC-1	23
WT_CAGCAGCCAATCCGAT-1	67
WT_CAGCAGCCACATGACT-1	81
WT_CAGCATATCCGAACGC-1	99
WT_CAGCCGAAGTGTACTC-1	92
WT_CAGCGACCACGGCCAT-1	89
WT_CAGCTAAGTACCAGTT-1	30
WT_CAGGTGCGTGTTGAGG-1	27
WT_CAGTAACAGAGCTGGT-1	92
WT_CAGTAACGTACGCTGC-1	86
WT_CAGTAACTCCTCAATT-1	93
WT_CAGTCCTGTGGCGAAT-1	80
WT_CAGTCCTTCACAACGT-1	88
WT_CAGTCCTTCATGGTCA-1	14
WT_CATATGGAGGATGCGT-1	61
WT_CATCCACCACGACTCG-1	0
WT_CATGCCTAGAGTAATC-1	46
WT_CATGCCTGTAGCTGCC-1	44
WT_CATTCGCAGTACGCGA-1	9
WT_CATTCGCCAAAGAATC-1	113
WT_CATTCGCTCGGATGGA-1	46
WT_CCAGCGAGTATTCTCT-1	42
WT_CCAGCGATCAGGCCCA-1	52
WT_CCAGCGATCTAGAGTC-1	4
WT_CCCAATCAGACTGGGT-1	12
WT_CCCAATCGTAAGAGGA-1	21
WT_CCCAATCTCTTATCTG-1	81
WT_CCCAGTTAGTTCCACA-1	65
WT_CCCTCCTCATCACGTA-1	87
WT_CCCTCCTTCCAAGCCG-1	100
WT_CCCTCCTTCGTCTGCT-1	77
WT_CCGGGATTCGCATGGC-1	104
WT_CCGGTAGGTCGGCATC-1	6
WT_CCGTGGAAGGACGAAA-1	55
WT_CCGTGGAGTCAATACC-1	52
WT_CCGTGGAGTTTCCACC-1	46
WT_CCGTGGATCCCAGGTG-1	5
WT_CCGTTCACAAATACAG-1	91
WT_CCTAAAGAGACCACGA-1	4
WT_CCTACACTCTTGCCGT-1	1
WT_CCTACCAAGGGAGTAA-1	45
WT_CCTAGCTCATGGTCAT-1	48
WT_CCTAGCTTCTCGATGA-1	42
WT_CCTATTAGTCTTCTCG-1	80
WT_CCTCAGTTCTCGCTTG-1	5
WT_CCTCTGAGTCACTGGC-1	72
WT_CCTTTCTCATACTCTT-1	0
WT_CCTTTCTGTACCATCA-1	9
WT_CCTTTCTTCCAAAGTC-1	44
WT_CGAATGTCATCTCCCA-1	51
WT_CGAATGTGTAGAGCTG-1	48
WT_CGACCTTGTTCACCTC-1	67
WT_CGACCTTTCCACGCAG-1	0
WT_CGAGCCATCAAGGTAA-1	9
WT_CGATCGGTCCTCGCAT-1	70
WT_CGCGGTATCAACGGGA-1	46
WT_CGCGTTTAGCATCATC-1	113
WT_CGCGTTTTCTGCCCTA-1	100
WT_CGCGTTTTCTGGGCCA-1	9
WT_CGCTGGAAGACATAAC-1	46
WT_CGGACACCAGATCTGT-1	112
WT_CGGACACGTACTTAGC-1	41
WT_CGGACACGTCATTAGC-1	53
WT_CGGACACTCATTGCGA-1	104
WT_CGGACACTCGCCTGAG-1	81
WT_CGGAGTCCATCCCACT-1	35
WT_CGGCTAGCACCCAGTG-1	53
WT_CGGTTAAGTATATGAG-1	30
WT_CGGTTAAGTCTCTCGT-1	48
WT_CGTAGCGTCCCTCAGT-1	94
WT_CGTAGCGTCTTCTGGC-1	41
WT_CGTCACTTCCTGCAGG-1	6
WT_CGTGAGCGTCATTAGC-1	16
WT_CGTGTCTCAAGAGGCT-1	27
WT_CGTGTCTTCTAACTCT-1	4
WT_CGTTGGGCACCAGCAC-1	35
WT_CTAAGACAGGAGTCTG-1	108
WT_CTAAGACTCCAGAGGA-1	23
WT_CTAAGACTCGCGGATC-1	37
WT_CTACGTCCATGTTGAC-1	84
WT_CTAGAGTCAAGCCATT-1	43
WT_CTAGCCTAGTGAAGTT-1	94
WT_CTAGCCTGTCGCCATG-1	28
WT_CTAGCCTGTTCCGTCT-1	109
WT_CTAGTGACATTGCGGC-1	63
WT_CTAGTGAGTATCGCAT-1	21
WT_CTCATTAAGCGTGAGT-1	72
WT_CTCCTAGTCATGCTCC-1	14
WT_CTCGAAATCGCCGTGA-1	0
WT_CTCGGGACAAGACACG-1	37
WT_CTCGGGATCTCCTATA-1	97
WT_CTCGTACAGGCGATAC-1	82
WT_CTCGTACTCCAAATGC-1	95
WT_CTCGTCAAGTAGTGCG-1	71
WT_CTCGTCACAATCAGAA-1	44
WT_CTCTAATCAATAGAGT-1	74
WT_CTGCCTATCTAGCACA-1	51
WT_CTGCGGAGTGCCTGGT-1	46
WT_CTGCTGTCAAGCGCTC-1	75
WT_CTGCTGTGTAGAAGGA-1	47
WT_CTGTTTACATGCCTTC-1	25
WT_CTGTTTAGTTACAGAA-1	38
WT_CTTACCGTCAACACCA-1	70
WT_CTTAGGAAGGAGTAGA-1	80
WT_CTTCTCTTCACCTCGT-1	4
WT_GAACATCCAGTAACGG-1	113
WT_GAAGCAGAGGTGTTAA-1	41
WT_GAATAAGAGCGAAGGG-1	112
WT_GACACGCCAACTTGAC-1	113
WT_GACAGAGTCATCGCTC-1	94
WT_GACCAATAGATATGGT-1	76
WT_GACGGCTCAATCACAC-1	57
WT_GACGGCTCATCCGTGG-1	73
WT_GACGGCTTCCTTGGTC-1	70
WT_GACGTGCGTACCGCTG-1	0
WT_GACGTTAAGCACGCCT-1	43
WT_GACGTTATCTCGATGA-1	80
WT_GACTACACAGGTCGTC-1	4
WT_GAGTCCGAGAAGGTTT-1	69
WT_GAGTCCGAGTATCGAA-1	76
WT_GAGTCCGGTAAACACA-1	82
WT_GATCGATAGGTGACCA-1	2
WT_GATCGCGGTCTTCTCG-1	91
WT_GATCTAGAGAACAATC-1	80
WT_GATCTAGCATGCCTAA-1	111
WT_GATGCTAAGACTAGGC-1	0
WT_GATGCTACAACGATGG-1	111
WT_GATGCTACATGGGAAC-1	4
WT_GATTCAGCAGGCAGTA-1	41
WT_GCAAACTGTTCACCTC-1	67
WT_GCAAACTTCTATCCCG-1	86
WT_GCACATAGTTGTCTTT-1	112
WT_GCAGCCACATTACCTT-1	84
WT_GCAGTTATCCTAGGGC-1	73
WT_GCATGCGAGCCAGGAT-1	55
WT_GCATGCGAGTGTCCCG-1	86
WT_GCATGCGCAGATGGCA-1	113
WT_GCATGTATCTAGCACA-1	72
WT_GCCAAATAGGATCGCA-1	92
WT_GCCTCTATCTTGGGTA-1	107
WT_GCGACCACATACAGCT-1	61
WT_GCGCAACTCGGAGCAA-1	1
WT_GCGCAGTCAGCCAATT-1	38
WT_GCGCAGTCATATACCG-1	109
WT_GCGCAGTGTGCAGGTA-1	64
WT_GCGCAGTTCGTTACAG-1	94
WT_GCGCCAACACCGGAAA-1	87
WT_GCGCCAACATCTCGCT-1	113
WT_GCGCGATCAAGCCGCT-1	6
WT_GCGCGATCACCAGCAC-1	64
WT_GCGCGATGTCAACATC-1	73
WT_GCGCGATGTTACGTCA-1	45
WT_GCGCGATTCAGAGGTG-1	53
WT_GCGCGATTCGCCATAA-1	74
WT_GCGGGTTTCGTCTGAA-1	26
WT_GCTCTGTGTTAAGATG-1	48
WT_GCTGCAGTCCTGTACC-1	98
WT_GCTGCGACATGAGCGA-1	44
WT_GCTGCGAGTTCAGTAC-1	84
WT_GCTGCTTCACTGTGTA-1	41
WT_GCTGGGTAGATTACCC-1	67
WT_GCTTGAACACCAGCAC-1	37
WT_GCTTGAATCACCATAG-1	80
WT_GGAAAGCAGACTGTAA-1	101
WT_GGAACTTAGTGTTTGC-1	109
WT_GGAATAACAGTGACAG-1	91
WT_GGAATAATCATTTGGG-1	9
WT_GGACAGATCCCATTTA-1	0
WT_GGACGTCCACAGACAG-1	1
WT_GGACGTCCACCTCGTT-1	104
WT_GGAGCAACAGGTGCCT-1	55
WT_GGATGTTGTAGGACAC-1	42
WT_GGATTACAGGTGACCA-1	43
WT_GGCCGATAGAAGCCCA-1	104
WT_GGCCGATCAAGGTTTC-1	63
WT_GGCCGATGTTCAACCA-1	94
WT_GGCGACTTCGAATCCA-1	53
WT_GGCGTGTAGAGTGACC-1	53
WT_GGCGTGTCATCCGTGG-1	46
WT_GGCTCGAAGCTCCTCT-1	28
WT_GGCTCGACACCAGCAC-1	52
WT_GGGAATGCAAAGGTGC-1	52
WT_GGGAATGCAGAGTGTG-1	38
WT_GGGACCTTCGCACTCT-1	5
WT_GGGAGATTCCAATGGT-1	40
WT_GGGCACTCAGACGCTC-1	73
WT_GGGCATCGTGGTTTCA-1	107
WT_GGGTCTGAGCGTGTCC-1	110
WT_GGGTTGCAGATGTGTA-1	94
WT_GGTGCGTCATGCCACG-1	74
WT_GTAACGTAGACTTTCG-1	63
WT_GTACGTACAATGAATG-1	94
WT_GTACGTAGTATATCCG-1	63
WT_GTACTTTGTTATCCGA-1	30
WT_GTACTTTGTTCGCTAA-1	109
WT_GTAGGCCAGTCCGGTC-1	111
WT_GTAGGCCCACCCTATC-1	73
WT_GTAGTCAGTTACCGAT-1	29
WT_GTATCTTAGTAACCCT-1	58
WT_GTATTCTGTGGGTCAA-1	80
WT_GTCACGGAGGATGGTC-1	66
WT_GTCCTCAGTTGTCGCG-1	110
WT_GTCGGGTAGGCCCTTG-1	103
WT_GTCGGGTGTAGCGATG-1	81
WT_GTCGTAATCACATGCA-1	24
WT_GTCTCGTAGTTCCACA-1	56
WT_GTCTCGTTCAGTTAGC-1	70
WT_GTGCAGCAGATAGGAG-1	6
WT_GTGCGGTAGGTAGCTG-1	50
WT_GTTACAGTCCCTCAGT-1	92
WT_GTTCTCGTCTCTGCTG-1	57
WT_GTTTCTACATGTTCCC-1	80
WT_TAAGAGACAAGCTGAG-1	42
WT_TAAGTGCAGATGCCAG-1	41
WT_TACACGAAGGGCTTGA-1	57
WT_TACACGACACGGCCAT-1	43
WT_TACACGACATGGGACA-1	49
WT_TACCTATCAACCGCCA-1	103
WT_TACCTATTCCAGAAGG-1	28
WT_TACGGATAGACTAAGT-1	88
WT_TACGGATCAATCTACG-1	12
WT_TACGGGCAGGATATAC-1	76
WT_TACGGGCGTGCACGAA-1	0
WT_TACGGTATCTGAGTGT-1	78
WT_TACTCATGTCTTCGTC-1	88
WT_TACTCGCCAAGGACTG-1	109
WT_TACTCGCTCCTATGTT-1	82
WT_TACTTGTAGTGACTCT-1	54
WT_TACTTGTGTTATCACG-1	45
WT_TAGCCGGGTGGGTCAA-1	77
WT_TAGCCGGTCAGCAACT-1	67
WT_TAGGCATAGTCTCGGC-1	72
WT_TAGGCATAGTTATCGC-1	112
WT_TAGTGGTAGACAGAGA-1	9
WT_TAGTGGTCAATCTACG-1	57
WT_TATCAGGCAGATCGGA-1	72
WT_TATCAGGGTACACCGC-1	42
WT_TATCAGGTCTAACCGA-1	70
WT_TATCTCAGTCACCCAG-1	35
WT_TATTACCCACATAACC-1	43
WT_TATTACCCACATGTGT-1	42
WT_TATTACCTCTTGAGGT-1	102
WT_TCAACGAAGGTGTGGT-1	38
WT_TCAACGATCTTCTGGC-1	101
WT_TCAATCTGTCGGGTCT-1	73
WT_TCACGAAGTGAAAGAG-1	37
WT_TCAGATGGTGGTGTAG-1	60
WT_TCAGCAAAGGTGCTTT-1	72
WT_TCAGCAACAGGGAGAG-1	61
WT_TCAGCTCCACAGGTTT-1	70
WT_TCAGGATTCTATCGCC-1	109
WT_TCAGGTACATCTCCCA-1	0
WT_TCATTACCAGTTTACG-1	72
WT_TCCACACCAGGGTATG-1	104
WT_TCGCGAGAGGTTCCTA-1	111
WT_TCGCGAGGTGCCTGTG-1	80
WT_TCGCGAGTCATTGCCC-1	72
WT_TCGGGACCAGCTGCAC-1	60
WT_TCGGGACTCGAGGTAG-1	70
WT_TCGTACCCACATCTTT-1	70
WT_TCGTAGAAGCTCCCAG-1	38
WT_TCTATTGCAGGCTCAC-1	27
WT_TCTATTGGTCAGAATA-1	67
WT_TCTCATAGTCGGCACT-1	70
WT_TCTCATATCAGCCTAA-1	0
WT_TCTGAGACAAGGGTCA-1	40
WT_TCTGAGACACAACTGT-1	57
WT_TCTGGAACAGGAACGT-1	48
WT_TCTGGAAGTCTGATCA-1	97
WT_TGACAACGTTCGGCAC-1	76
WT_TGACGGCGTCTGCCAG-1	41
WT_TGAGAGGGTCGCGAAA-1	70
WT_TGAGCCGAGTCTTGCA-1	109
WT_TGATTTCCACATTTCT-1	44
WT_TGATTTCGTTCAACCA-1	77
WT_TGCCAAACACTAGTAC-1	72
WT_TGCCAAATCACCACCT-1	57
WT_TGCCCATAGCGGCTTC-1	40
WT_TGCCCATGTCATGCAT-1	26
WT_TGCCCATTCAGAGCTT-1	35
WT_TGCGCAGGTCTGATTG-1	0
WT_TGCGGGTAGAGGACGG-1	91
WT_TGCGGGTTCGTGTAGT-1	96
WT_TGCTGCTCAATGGTCT-1	9
WT_TGCTGCTTCATAGCAC-1	91
WT_TGGACGCAGAGTCGGT-1	66
WT_TGGACGCAGTGTTAGA-1	94
WT_TGGCCAGCAAACCTAC-1	40
WT_TGGCCAGGTGCGGTAA-1	112
WT_TGGCGCATCTCCGGTT-1	80
WT_TGGCTGGAGATGGGTC-1	84
WT_TGGGAAGCAAGCCGCT-1	9
WT_TGGGAAGTCATTGCCC-1	76
WT_TGGGAAGTCGGCTTGG-1	15
WT_TGGGCGTTCATGTCCC-1	2
WT_TGGTTAGTCAACACCA-1	70
WT_TGGTTCCGTGTAAGTA-1	58
WT_TGGTTCCGTGTGCGTC-1	40
WT_TGTATTCTCAGAAATG-1	45
WT_TGTGGTATCAACACTG-1	46
WT_TGTGGTATCGGTTAAC-1	88
WT_TGTGTTTGTTTCGCTC-1	41
WT_TTAACTCCATTCGACA-1	0
WT_TTAACTCTCGGCCGAT-1	22
WT_TTAGGACAGTGTCCAT-1	45
WT_TTATGCTGTCCGAATT-1	5
WT_TTATGCTGTGTGTGCC-1	4
WT_TTCGAAGGTGATGCCC-1	72
WT_TTCTACAGTCGGCACT-1	84
WT_TTGAACGAGATCGGGT-1	84
WT_TTGAACGTCCCACTTG-1	87
WT_TTGCCGTTCACCTTAT-1	4
WT_TTGCGTCTCGGCTACG-1	75
WT_TTGGAACAGCGCTTAT-1	26
WT_TTGGAACAGCTAGTGG-1	81
WT_TTGGCAAAGCCTCGTG-1	76
WT_TTGGCAAAGGTGATAT-1	73
WT_TTGTAGGAGGTGTTAA-1	74
WT_TTGTAGGGTTATTCTC-1	16
WT_TTGTAGGGTTCGTGAT-1	74
WT_TTGTAGGTCATGGTCA-1	4
WT_TTTACTGCAAGAAAGG-1	0
WT_TTTATGCTCCACTGGG-1	53
WT_TTTCCTCAGCGTCTAT-1	80
WT_TTTCCTCGTTATCCGA-1	61
WT_TTTCCTCGTTTGTGTG-1	42
WT_TTTCCTCTCCTAGGGC-1	0
WT_TTTGCGCCAATAGCAA-1	5
WT_TTTGTCAGTGGCAAAC-1	111
Dhcr24TG_AAACGGGTCAAGATCC-1	61
Dhcr24TG_AAAGATGAGACAATAC-1	26
Dhcr24TG_AAAGATGAGCGAGAAA-1	31
Dhcr24TG_AAAGATGCATCAGTAC-1	106
Dhcr24TG_AAAGATGTCGCACTCT-1	95
Dhcr24TG_AAAGCAAGTTCGAATC-1	29
Dhcr24TG_AAAGTAGAGAGGTACC-1	94
Dhcr24TG_AAAGTAGAGATGTGGC-1	0
Dhcr24TG_AAAGTAGGTGTAACGG-1	2
Dhcr24TG_AAAGTAGGTTACTGAC-1	29
Dhcr24TG_AAATGCCAGCTAACAA-1	10
Dhcr24TG_AACGTTGAGATGGGTC-1	27
Dhcr24TG_AACGTTGCATCTATGG-1	33
Dhcr24TG_AACTCAGGTCTGCAAT-1	104
Dhcr24TG_AACTCAGGTGCCTGTG-1	106
Dhcr24TG_AACTCTTGTCAGAAGC-1	67
Dhcr24TG_AACTGGTAGAATAGGG-1	40
Dhcr24TG_AACTGGTGTTCTCATT-1	10
Dhcr24TG_AACTGGTTCAGAAATG-1	74
Dhcr24TG_AACTTTCAGTGTACGG-1	86
Dhcr24TG_AACTTTCGTTCCGTCT-1	31
Dhcr24TG_AAGGAGCAGTACGTAA-1	58
Dhcr24TG_AAGGAGCAGTTTCCTT-1	90
Dhcr24TG_AAGGAGCCAAAGAATC-1	74
Dhcr24TG_AATCCAGAGTTCGATC-1	105
Dhcr24TG_AATCCAGCAAACCTAC-1	20
Dhcr24TG_AATCGGTGTTCCCTTG-1	6
Dhcr24TG_ACACCAAGTAGCGATG-1	100
Dhcr24TG_ACACCAAGTTCCGGCA-1	21
Dhcr24TG_ACACCCTTCGTCGTTC-1	53
Dhcr24TG_ACACCGGAGCAGCGTA-1	34
Dhcr24TG_ACACCGGAGTCTCAAC-1	29
Dhcr24TG_ACACTGAAGCAGACTG-1	96
Dhcr24TG_ACAGCTACAATCTGCA-1	55
Dhcr24TG_ACAGCTACACGGCTAC-1	2
Dhcr24TG_ACATCAGAGTGGCACA-1	35
Dhcr24TG_ACATCAGCAAAGCAAT-1	10
Dhcr24TG_ACATCAGCATCGGGTC-1	25
Dhcr24TG_ACCCACTAGTCTCAAC-1	92
Dhcr24TG_ACCCACTCAATCGAAA-1	32
Dhcr24TG_ACCCACTTCTCTAGGA-1	10
Dhcr24TG_ACCGTAAGTTGCCTCT-1	100
Dhcr24TG_ACCGTAATCCGAACGC-1	24
Dhcr24TG_ACCTTTACAGGAACGT-1	45
Dhcr24TG_ACGAGCCAGGTAAACT-1	108
Dhcr24TG_ACGAGCCTCTGTGCAA-1	78
Dhcr24TG_ACGATACGTCTGATTG-1	95
Dhcr24TG_ACGCAGCGTAAAGGAG-1	37
Dhcr24TG_ACGCAGCTCATAGCAC-1	0
Dhcr24TG_ACGCCAGAGCCAACAG-1	33
Dhcr24TG_ACGCCAGCAATGGAGC-1	2
Dhcr24TG_ACGCCGATCCAGGGCT-1	3
Dhcr24TG_ACGGAGACACGGTTTA-1	0
Dhcr24TG_ACGGAGACAGACTCGC-1	81
Dhcr24TG_ACGGAGAGTTAAAGTG-1	54
Dhcr24TG_ACGGCCACAAGCTGTT-1	13
Dhcr24TG_ACGGCCATCTGCTGTC-1	7
Dhcr24TG_ACGGGTCAGTTGCAGG-1	22
Dhcr24TG_ACGGGTCTCACTCTTA-1	111
Dhcr24TG_ACGGGTCTCCGATATG-1	94
Dhcr24TG_ACGTCAAGTGATGATA-1	95
Dhcr24TG_ACGTCAATCTGTCTCG-1	91
Dhcr24TG_ACTATCTAGAGACTTA-1	44
Dhcr24TG_ACTATCTAGTGGTAGC-1	111
Dhcr24TG_ACTATCTCATTTCAGG-1	21
Dhcr24TG_ACTATCTGTATATGGA-1	55
Dhcr24TG_ACTATCTGTGAAAGAG-1	18
Dhcr24TG_ACTGAACAGAAACGCC-1	60
Dhcr24TG_ACTGAACAGAGCCCAA-1	32
Dhcr24TG_ACTGAACCATTCTCAT-1	17
Dhcr24TG_ACTGAACGTATTAGCC-1	10
Dhcr24TG_ACTGAGTCAGTGACAG-1	97
Dhcr24TG_ACTGATGAGACACTAA-1	92
Dhcr24TG_ACTGATGCAGCTCCGA-1	2
Dhcr24TG_ACTGATGTCGCCAAAT-1	53
Dhcr24TG_ACTGCTCGTTCCGTCT-1	81
Dhcr24TG_ACTGCTCTCAGCATGT-1	33
Dhcr24TG_ACTGCTCTCATCGATG-1	82
Dhcr24TG_ACTGCTCTCCTACAGA-1	27
Dhcr24TG_ACTGCTCTCGGAGCAA-1	24
Dhcr24TG_ACTGTCCTCAACGAAA-1	64
Dhcr24TG_ACTGTCCTCAGTACGT-1	79
Dhcr24TG_ACTTACTGTTAAGATG-1	106
Dhcr24TG_ACTTACTTCCGCGTTT-1	88
Dhcr24TG_ACTTACTTCTACGAGT-1	93
Dhcr24TG_ACTTTCACATGCAATC-1	32
Dhcr24TG_ACTTTCAGTGCTAGCC-1	93
Dhcr24TG_AGAATAGAGCGCTCCA-1	31
Dhcr24TG_AGACGTTGTCTCAACA-1	41
Dhcr24TG_AGAGCGAAGAGTAATC-1	93
Dhcr24TG_AGAGCGAAGCTTTGGT-1	15
Dhcr24TG_AGAGCGAAGGCATTGG-1	84
Dhcr24TG_AGAGCGACATCGATTG-1	81
Dhcr24TG_AGATCTGCACAGGAGT-1	93
Dhcr24TG_AGATCTGTCATAACCG-1	8
Dhcr24TG_AGATCTGTCGGACAAG-1	13
Dhcr24TG_AGATTGCGTCGACTAT-1	14
Dhcr24TG_AGATTGCGTGAAGGCT-1	16
Dhcr24TG_AGATTGCTCTCCTATA-1	98
Dhcr24TG_AGCAGCCAGCGTAATA-1	54
Dhcr24TG_AGCAGCCCATTCGACA-1	7
Dhcr24TG_AGCAGCCGTAGCAAAT-1	21
Dhcr24TG_AGCAGCCTCGCTGATA-1	10
Dhcr24TG_AGCCTAATCCTAGGGC-1	21
Dhcr24TG_AGCGGTCTCCAATGGT-1	62
Dhcr24TG_AGCGGTCTCTAACTTC-1	53
Dhcr24TG_AGCGGTCTCTGCGGCA-1	33
Dhcr24TG_AGCGTCGAGACGCAAC-1	43
Dhcr24TG_AGCGTCGGTAAACGCG-1	5
Dhcr24TG_AGCTCTCGTGCGATAG-1	94
Dhcr24TG_AGCTTGATCGCCGTGA-1	24
Dhcr24TG_AGGCCACGTTTAGCTG-1	71
Dhcr24TG_AGGCCGTTCTAACCGA-1	53
Dhcr24TG_AGGGAGTCAGGTCCAC-1	94
Dhcr24TG_AGGGAGTGTGGACGAT-1	40
Dhcr24TG_AGGGAGTTCACAACGT-1	105
Dhcr24TG_AGGTCATAGCAAATCA-1	93
Dhcr24TG_AGGTCATTCGGTTAAC-1	49
Dhcr24TG_AGGTCCGAGAGTGAGA-1	20
Dhcr24TG_AGGTCCGAGCAGACTG-1	91
Dhcr24TG_AGGTCCGGTCACTTCC-1	35
Dhcr24TG_AGTAGTCAGCCTTGAT-1	25
Dhcr24TG_AGTAGTCAGTGGCACA-1	108
Dhcr24TG_AGTAGTCCACCTCGTT-1	0
Dhcr24TG_AGTCTTTTCCCACTTG-1	35
Dhcr24TG_AGTGGGACATGAACCT-1	86
Dhcr24TG_AGTGGGATCCTATTCA-1	104
Dhcr24TG_AGTGGGATCTTGTACT-1	53
Dhcr24TG_AGTTGGTTCAGTTCGA-1	0
Dhcr24TG_ATAACGCCAATGACCT-1	64
Dhcr24TG_ATAAGAGCACGACTCG-1	105
Dhcr24TG_ATAAGAGGTGGGTATG-1	83
Dhcr24TG_ATAAGAGTCCTAGGGC-1	5
Dhcr24TG_ATAGACCTCAACACTG-1	85
Dhcr24TG_ATCATCTAGGTGTTAA-1	67
Dhcr24TG_ATCATGGAGTTAGGTA-1	41
Dhcr24TG_ATCATGGGTAAGTGTA-1	34
Dhcr24TG_ATCATGGGTAGCTGCC-1	52
Dhcr24TG_ATCCACCCAATAGAGT-1	24
Dhcr24TG_ATCCGAACAATTGCTG-1	6
Dhcr24TG_ATCCGAACACCCAGTG-1	26
Dhcr24TG_ATCGAGTCAACTGGCC-1	96
Dhcr24TG_ATCTACTAGCTAGTGG-1	96
Dhcr24TG_ATGAGGGTCAGAGACG-1	40
Dhcr24TG_ATGCGATTCACCTTAT-1	53
Dhcr24TG_ATTACTCAGCTAGCCC-1	82
Dhcr24TG_ATTACTCGTAGGGTAC-1	87
Dhcr24TG_ATTATCCAGCCTCGTG-1	107
Dhcr24TG_ATTATCCTCACAGTAC-1	71
Dhcr24TG_ATTCTACAGTCACGCC-1	102
Dhcr24TG_ATTCTACGTATAATGG-1	75
Dhcr24TG_ATTGGACAGGGTATCG-1	111
Dhcr24TG_ATTGGACCAAGTAATG-1	44
Dhcr24TG_ATTGGTGAGGCTAGCA-1	84
Dhcr24TG_ATTGGTGCACGTAAGG-1	57
Dhcr24TG_ATTGGTGGTGAGCGAT-1	0
Dhcr24TG_ATTTCTGAGCCTTGAT-1	33
Dhcr24TG_ATTTCTGCAGACGTAG-1	82
Dhcr24TG_CAACCTCAGACAATAC-1	81
Dhcr24TG_CAACCTCCAGCGTTCG-1	85
Dhcr24TG_CAAGAAACATACGCTA-1	108
Dhcr24TG_CAAGAAAGTAGATTAG-1	95
Dhcr24TG_CAAGATCCAAACGTGG-1	53
Dhcr24TG_CACACAAGTCAATGTC-1	26
Dhcr24TG_CACACAAGTGACGCCT-1	0
Dhcr24TG_CACACTCGTGGACGAT-1	71
Dhcr24TG_CACACTCGTGGTCTCG-1	23
Dhcr24TG_CACACTCTCAAGAAGT-1	110
Dhcr24TG_CACAGGCGTTGTGGCC-1	35
Dhcr24TG_CACAGGCTCCGTACAA-1	107
Dhcr24TG_CACAGTAGTGTCCTCT-1	104
Dhcr24TG_CACATAGGTAGAAAGG-1	34
Dhcr24TG_CACCACTTCAAAGTAG-1	44
Dhcr24TG_CACCACTTCACCGTAA-1	57
Dhcr24TG_CACCACTTCTGGTGTA-1	79
Dhcr24TG_CACCAGGAGTAGGCCA-1	110
Dhcr24TG_CACCAGGGTATCTGCA-1	39
Dhcr24TG_CACCTTGAGCGTTTAC-1	58
Dhcr24TG_CACCTTGGTGTGCGTC-1	70
Dhcr24TG_CACTCCACAAGTCATC-1	108
Dhcr24TG_CAGAATCGTAAGGGCT-1	39
Dhcr24TG_CAGAGAGTCCCAAGTA-1	23
Dhcr24TG_CAGCAGCCAGTTCATG-1	92
Dhcr24TG_CAGCAGCGTTATCCGA-1	56
Dhcr24TG_CAGCCGAAGAAACCTA-1	2
Dhcr24TG_CAGCCGAAGTGAACGC-1	92
Dhcr24TG_CAGCCGACATCACCCT-1	82
Dhcr24TG_CAGCCGAGTACCGGCT-1	71
Dhcr24TG_CAGCGACTCTGCAAGT-1	85
Dhcr24TG_CAGCTAAAGACTTGAA-1	108
Dhcr24TG_CAGCTAAGTCTAGAGG-1	95
Dhcr24TG_CAGCTAATCTGTCTCG-1	106
Dhcr24TG_CAGCTGGAGATGTAAC-1	57
Dhcr24TG_CAGCTGGCACCAGGCT-1	91
Dhcr24TG_CAGGTGCGTAACGTTC-1	87
Dhcr24TG_CAGGTGCTCTTGGGTA-1	83
Dhcr24TG_CAGTAACGTTAGGGTG-1	94
Dhcr24TG_CAGTCCTGTCATATCG-1	4
Dhcr24TG_CATATGGTCGTTACAG-1	100
Dhcr24TG_CATATTCAGGTAGCTG-1	23
Dhcr24TG_CATCAGAGTCTAGTGT-1	79
Dhcr24TG_CATCAGATCACCCGAG-1	58
Dhcr24TG_CATCCACAGGATGGAA-1	80
Dhcr24TG_CATCGAAGTCTGGAGA-1	21
Dhcr24TG_CATCGGGAGAGTGACC-1	86
Dhcr24TG_CATCGGGAGGGAGTAA-1	2
Dhcr24TG_CATCGGGGTGGGTCAA-1	53
Dhcr24TG_CATGCCTAGTGCCAGA-1	52
Dhcr24TG_CATGGCGAGAGGTAGA-1	54
Dhcr24TG_CATGGCGGTCTGGAGA-1	45
Dhcr24TG_CATTATCCAAGCCGCT-1	8
Dhcr24TG_CATTATCCACCTGGTG-1	65
Dhcr24TG_CATTATCTCCTACAGA-1	15
Dhcr24TG_CATTATCTCTCCCTGA-1	11
Dhcr24TG_CATTCGCCAAGCCGTC-1	52
Dhcr24TG_CATTCGCCAATGGAGC-1	66
Dhcr24TG_CATTCGCGTCACACGC-1	12
Dhcr24TG_CATTCGCGTGATGCCC-1	43
Dhcr24TG_CATTCGCTCATGTAGC-1	65
Dhcr24TG_CATTCGCTCTTCATGT-1	74
Dhcr24TG_CCAATCCAGTTCGATC-1	21
Dhcr24TG_CCAATCCGTTAAGATG-1	100
Dhcr24TG_CCAATCCTCGGCCGAT-1	56
Dhcr24TG_CCACCTAAGTGTTGAA-1	3
Dhcr24TG_CCACCTACACCAGATT-1	48
Dhcr24TG_CCACCTACATTACCTT-1	0
Dhcr24TG_CCACGGACAGATAATG-1	0
Dhcr24TG_CCACGGATCAAACCAC-1	93
Dhcr24TG_CCAGCGAGTTGACGTT-1	46
Dhcr24TG_CCAGCGATCATCACCC-1	6
Dhcr24TG_CCATGTCAGAAGGACA-1	4
Dhcr24TG_CCATTCGAGCAATCTC-1	31
Dhcr24TG_CCATTCGTCCGTCAAA-1	26
Dhcr24TG_CCCAATCCACCCATTC-1	44
Dhcr24TG_CCCAATCGTCTAGTCA-1	40
Dhcr24TG_CCCAATCTCGAATGCT-1	41
Dhcr24TG_CCCAGTTCAAGCTGAG-1	4
Dhcr24TG_CCCAGTTCACATTCGA-1	91
Dhcr24TG_CCCATACAGAGCTATA-1	106
Dhcr24TG_CCCTCCTCACTGAAGG-1	100
Dhcr24TG_CCCTCCTTCCTCGCAT-1	107
Dhcr24TG_CCCTCCTTCGGCTACG-1	87
Dhcr24TG_CCGGGATTCCAGAAGG-1	21
Dhcr24TG_CCGGTAGGTCCGTCAG-1	100
Dhcr24TG_CCGTACTTCGCCGTGA-1	14
Dhcr24TG_CCGTGGACACTGTCGG-1	54
Dhcr24TG_CCGTGGACAGTAGAGC-1	15
Dhcr24TG_CCTAAAGAGGCTACGA-1	96
Dhcr24TG_CCTAAAGGTCTCGTTC-1	91
Dhcr24TG_CCTACACAGAGGTTGC-1	87
Dhcr24TG_CCTACACAGTCGAGTG-1	107
Dhcr24TG_CCTACCAGTTTCGCTC-1	45
Dhcr24TG_CCTACCATCGCTTGTC-1	7
Dhcr24TG_CCTACCATCTCTTATG-1	75
Dhcr24TG_CCTATTAAGGTGATAT-1	13
Dhcr24TG_CCTATTATCTGTCTAT-1	94
Dhcr24TG_CCTCAGTAGGTCATCT-1	49
Dhcr24TG_CCTCAGTCAGGGTACA-1	40
Dhcr24TG_CCTCAGTTCGCCAAAT-1	26
Dhcr24TG_CCTCTGAAGGTAGCTG-1	53
Dhcr24TG_CCTCTGACAGGGAGAG-1	90
Dhcr24TG_CCTTACGCATGCGCAC-1	8
Dhcr24TG_CCTTACGGTTGAGTTC-1	108
Dhcr24TG_CCTTCCCCACGGTAAG-1	27
Dhcr24TG_CCTTCCCTCGTCCAGG-1	0
Dhcr24TG_CCTTCGATCTGCGACG-1	34
Dhcr24TG_CGAATGTGTGTTTGGT-1	57
Dhcr24TG_CGACCTTCAGATGGCA-1	0
Dhcr24TG_CGACTTCCAGTCAGCC-1	2
Dhcr24TG_CGAGAAGAGTCAAGGC-1	111
Dhcr24TG_CGAGCACAGCTGCCCA-1	39
Dhcr24TG_CGAGCCACAGAGTGTG-1	45
Dhcr24TG_CGAGCCACAGTTCATG-1	85
Dhcr24TG_CGAGCCATCATAACCG-1	29
Dhcr24TG_CGATCGGGTTTCGCTC-1	27
Dhcr24TG_CGATGGCAGGGCTTCC-1	78
Dhcr24TG_CGATGTAAGGCTCAGA-1	54
Dhcr24TG_CGATGTAGTAGCCTAT-1	37
Dhcr24TG_CGATGTATCCCAACGG-1	18
Dhcr24TG_CGATTGAGTCATCGGC-1	11
Dhcr24TG_CGATTGAGTGCAGTAG-1	37
Dhcr24TG_CGCCAAGAGAGGTAGA-1	17
Dhcr24TG_CGCGGTAGTTATCGGT-1	81
Dhcr24TG_CGCGTTTAGTACCGGA-1	4
Dhcr24TG_CGCTATCGTGAGGGAG-1	95
Dhcr24TG_CGCTATCGTTGTACAC-1	106
Dhcr24TG_CGCTGGAAGCAGATCG-1	54
Dhcr24TG_CGCTGGACACAGTCGC-1	0
Dhcr24TG_CGCTGGATCACAGTAC-1	35
Dhcr24TG_CGCTTCACACCCATTC-1	53
Dhcr24TG_CGGACACAGCACCGCT-1	96
Dhcr24TG_CGGACACGTAGAGTGC-1	26
Dhcr24TG_CGGACGTCACCGAATT-1	94
Dhcr24TG_CGGACGTGTGATGATA-1	71
Dhcr24TG_CGGACTGAGGTGCTTT-1	100
Dhcr24TG_CGGACTGCAGGACGTA-1	54
Dhcr24TG_CGGAGCTTCCAGAGGA-1	101
Dhcr24TG_CGGAGCTTCTGGAGCC-1	112
Dhcr24TG_CGGCTAGAGAGGGATA-1	94
Dhcr24TG_CGGCTAGAGCCAACAG-1	49
Dhcr24TG_CGGCTAGAGGACTGGT-1	39
Dhcr24TG_CGGCTAGCATCAGTAC-1	23
Dhcr24TG_CGGGTCACACAGACAG-1	51
Dhcr24TG_CGGGTCAGTAGAGCTG-1	21
Dhcr24TG_CGGGTCATCAAGGTAA-1	75
Dhcr24TG_CGGGTCATCCTGTACC-1	100
Dhcr24TG_CGTAGCGCAAACTGTC-1	0
Dhcr24TG_CGTAGCGGTATAGTAG-1	78
Dhcr24TG_CGTAGCGTCAAGATCC-1	61
Dhcr24TG_CGTAGGCCACGCATCG-1	93
Dhcr24TG_CGTAGGCTCACGGTTA-1	4
Dhcr24TG_CGTCAGGTCATCGGAT-1	95
Dhcr24TG_CGTCCATAGCGCCTCA-1	21
Dhcr24TG_CGTCTACCATGGGACA-1	2
Dhcr24TG_CGTCTACGTTGGTGGA-1	15
Dhcr24TG_CGTGAGCCACTGAAGG-1	54
Dhcr24TG_CGTGAGCCATACAGCT-1	81
Dhcr24TG_CGTGTAAAGCAGCCTC-1	13
Dhcr24TG_CGTGTCTCAGCTTAAC-1	18
Dhcr24TG_CGTTAGAAGACGACGT-1	96
Dhcr24TG_CTAACTTAGTCCGTAT-1	71
Dhcr24TG_CTAACTTCAGCTGCAC-1	45
Dhcr24TG_CTAAGACTCAAAGACA-1	11
Dhcr24TG_CTAATGGCAGTTTACG-1	63
Dhcr24TG_CTACCCATCAATCACG-1	52
Dhcr24TG_CTAGAGTAGTGCAAGC-1	29
Dhcr24TG_CTAGAGTGTCGACTGC-1	34
Dhcr24TG_CTAGTGATCTGACCTC-1	56
Dhcr24TG_CTAGTGATCTGTCCGT-1	21
Dhcr24TG_CTCACACAGGGCACTA-1	63
Dhcr24TG_CTCACACTCGGTGTCG-1	54
Dhcr24TG_CTCAGAACAGCATACT-1	4
Dhcr24TG_CTCATTACAGTCGATT-1	81
Dhcr24TG_CTCCTAGAGAAGGCCT-1	81
Dhcr24TG_CTCCTAGAGATCCCGC-1	15
Dhcr24TG_CTCGAGGGTATAGGGC-1	60
Dhcr24TG_CTCGGGAAGAACAACT-1	111
Dhcr24TG_CTCGGGAAGAGGTACC-1	92
Dhcr24TG_CTCGTACAGGGCACTA-1	4
Dhcr24TG_CTCGTACTCGCAGGCT-1	108
Dhcr24TG_CTCGTCAAGCTACCGC-1	45
Dhcr24TG_CTCTAATAGAAACCAT-1	94
Dhcr24TG_CTCTACGAGGCGACAT-1	86
Dhcr24TG_CTCTACGTCGACGGAA-1	108
Dhcr24TG_CTCTGGTCACACCGCA-1	83
Dhcr24TG_CTCTGGTGTCCGTGAC-1	84
Dhcr24TG_CTGAAACAGCTCCCAG-1	20
Dhcr24TG_CTGAAACGTGGTAACG-1	37
Dhcr24TG_CTGAAGTTCCGTCAAA-1	10
Dhcr24TG_CTGATAGCAGTCCTTC-1	31
Dhcr24TG_CTGATAGTCGAACTGT-1	0
Dhcr24TG_CTGATCCCAGCTGTTA-1	15
Dhcr24TG_CTGCCTAGTTCCTCCA-1	37
Dhcr24TG_CTGCTGTGTAGAGCTG-1	81
Dhcr24TG_CTGCTGTTCATTGCGA-1	23
Dhcr24TG_CTGTTTAAGGATGGTC-1	22
Dhcr24TG_CTGTTTACAAAGCAAT-1	24
Dhcr24TG_CTTACCGTCTGTACGA-1	33
Dhcr24TG_CTTAGGAAGCGCCTCA-1	95
Dhcr24TG_CTTAGGATCCCTCTTT-1	84
Dhcr24TG_CTTCTCTTCCTACAGA-1	93
Dhcr24TG_CTTGGCTCATGTCGAT-1	41
Dhcr24TG_CTTTGCGCACTGAAGG-1	2
Dhcr24TG_GAAACTCAGGCGCTCT-1	64
Dhcr24TG_GAAACTCCATGCAACT-1	60
Dhcr24TG_GAAATGAAGGCCCTCA-1	65
Dhcr24TG_GAAATGACAGGATTGG-1	11
Dhcr24TG_GAACATCCAAGGACTG-1	25
Dhcr24TG_GAACATCCATGCTAGT-1	70
Dhcr24TG_GAACATCTCAGTTGAC-1	40
Dhcr24TG_GAACCTAAGGCTATCT-1	89
Dhcr24TG_GAACCTACACAACTGT-1	2
Dhcr24TG_GAACGGACATGGTCAT-1	2
Dhcr24TG_GAAGCAGCAGGTCCAC-1	21
Dhcr24TG_GAATAAGAGCACCGCT-1	82
Dhcr24TG_GAATAAGAGTTACCCA-1	101
Dhcr24TG_GAATAAGTCGCATGAT-1	96
Dhcr24TG_GAATGAAGTTCCACAA-1	44
Dhcr24TG_GACAGAGAGCTGCGAA-1	111
Dhcr24TG_GACCAATGTAGCCTCG-1	25
Dhcr24TG_GACCAATGTCTGGAGA-1	70
Dhcr24TG_GACCAATGTTGTCTTT-1	105
Dhcr24TG_GACCTGGAGAGTTGGC-1	20
Dhcr24TG_GACCTGGTCAGCTCTC-1	104
Dhcr24TG_GACGCGTAGTGTGAAT-1	53
Dhcr24TG_GACGCGTTCACGACTA-1	16
Dhcr24TG_GACGCGTTCGAGAACG-1	74
Dhcr24TG_GACGTGCCAATGGTCT-1	110
Dhcr24TG_GACGTTAAGATCACGG-1	95
Dhcr24TG_GACGTTAAGGAGTACC-1	3
Dhcr24TG_GACGTTACAGTTCCCT-1	78
Dhcr24TG_GACGTTAGTTCGTTGA-1	48
Dhcr24TG_GACGTTATCTACTCAT-1	64
Dhcr24TG_GACTAACAGATGTCGG-1	0
Dhcr24TG_GACTAACTCCCGGATG-1	7
Dhcr24TG_GACTACACACCAACCG-1	52
Dhcr24TG_GACTGCGGTCTGCCAG-1	12
Dhcr24TG_GAGCAGACAGTAACGG-1	44
Dhcr24TG_GAGCAGATCATTGCGA-1	21
Dhcr24TG_GAGTCCGAGCCGGTAA-1	21
Dhcr24TG_GAGTCCGTCTGCTGCT-1	61
Dhcr24TG_GATCAGTGTAAGCACG-1	31
Dhcr24TG_GATCGATAGAAGGTTT-1	15
Dhcr24TG_GATCGATAGATCCGAG-1	29
Dhcr24TG_GATCGCGGTGTAAGTA-1	27
Dhcr24TG_GATCGCGTCGCCAGCA-1	82
Dhcr24TG_GATCGTAAGAGCCCAA-1	54
Dhcr24TG_GATCGTACACCTTGTC-1	100
Dhcr24TG_GATCTAGCAAGCGCTC-1	82
Dhcr24TG_GATCTAGTCCTTTCTC-1	95
Dhcr24TG_GATGAAACAGATCGGA-1	80
Dhcr24TG_GATGAAAGTAAAGGAG-1	36
Dhcr24TG_GATGAGGCACGAAGCA-1	25
Dhcr24TG_GATGAGGCATACCATG-1	17
Dhcr24TG_GATGAGGTCATGTCCC-1	43
Dhcr24TG_GATGAGGTCCTATGTT-1	45
Dhcr24TG_GATGCTAAGGTGATAT-1	21
Dhcr24TG_GATGCTAGTAGCGTGA-1	103
Dhcr24TG_GATGCTAGTCCTAGCG-1	80
Dhcr24TG_GATTCAGGTTATGCGT-1	2
Dhcr24TG_GCAAACTCAATGTAAG-1	81
Dhcr24TG_GCAAACTTCCAAATGC-1	55
Dhcr24TG_GCAATCACACTGAAGG-1	65
Dhcr24TG_GCACATACATTCTTAC-1	106
Dhcr24TG_GCACTCTTCCGAGCCA-1	100
Dhcr24TG_GCAGCCAAGCTCAACT-1	97
Dhcr24TG_GCAGCCAAGGGAAACA-1	78
Dhcr24TG_GCAGCCACATGGTCAT-1	0
Dhcr24TG_GCAGTTAAGGGATCTG-1	101
Dhcr24TG_GCAGTTATCCGAATGT-1	19
Dhcr24TG_GCATACACAAGGCTCC-1	13
Dhcr24TG_GCATACATCGGAAATA-1	4
Dhcr24TG_GCATGCGAGATTACCC-1	84
Dhcr24TG_GCATGCGAGCTCCCAG-1	53
Dhcr24TG_GCATGCGCAATGACCT-1	53
Dhcr24TG_GCCAAATTCCACGTGG-1	12
Dhcr24TG_GCCTCTATCACTTCAT-1	93
Dhcr24TG_GCGAGAAAGACAAGCC-1	94
Dhcr24TG_GCGAGAAAGCGCCTCA-1	21
Dhcr24TG_GCGAGAACAATCTACG-1	74
Dhcr24TG_GCGAGAAGTTATGCGT-1	45
Dhcr24TG_GCGAGAAGTTTGACTG-1	92
Dhcr24TG_GCGCAACCATTTCACT-1	65
Dhcr24TG_GCGCAACGTCTCACCT-1	27
Dhcr24TG_GCGCAACGTGCACTTA-1	21
Dhcr24TG_GCGCAGTGTCTGCAAT-1	40
Dhcr24TG_GCGCAGTTCCTAGGGC-1	111
Dhcr24TG_GCGCCAAAGAGTACCG-1	15
Dhcr24TG_GCGCCAAGTTTCGCTC-1	45
Dhcr24TG_GCGCCAATCTTAACCT-1	53
Dhcr24TG_GCGCCAATCTTTCCTC-1	46
Dhcr24TG_GCGCGATCAGGTCCAC-1	37
Dhcr24TG_GCGCGATGTATTCGTG-1	57
Dhcr24TG_GCGCGATTCTGCCAGG-1	80
Dhcr24TG_GCTCCTACAACTGCTA-1	35
Dhcr24TG_GCTCTGTTCACCTCGT-1	96
Dhcr24TG_GCTCTGTTCAGGCAAG-1	39
Dhcr24TG_GCTGCTTTCCTACAGA-1	39
Dhcr24TG_GCTGGGTTCGCCAAAT-1	100
Dhcr24TG_GGAAAGCAGAAACGCC-1	112
Dhcr24TG_GGAAAGCAGTTGAGAT-1	5
Dhcr24TG_GGAATAAAGCTAGCCC-1	63
Dhcr24TG_GGACATTCATCCTTGC-1	87
Dhcr24TG_GGACGTCAGCTAAGAT-1	75
Dhcr24TG_GGAGCAATCAAACCGT-1	74
Dhcr24TG_GGATTACAGACTGGGT-1	21
Dhcr24TG_GGATTACGTAGCTGCC-1	108
Dhcr24TG_GGCAATTAGCGATTCT-1	78
Dhcr24TG_GGCAATTTCTGCCCTA-1	3
Dhcr24TG_GGCCGATCAGGTTTCA-1	31
Dhcr24TG_GGCGACTGTAGAGTGC-1	25
Dhcr24TG_GGCGACTGTCGCGGTT-1	61
Dhcr24TG_GGCGTGTAGTGATCGG-1	60
Dhcr24TG_GGCGTGTGTACTCAAC-1	20
Dhcr24TG_GGCTCGAAGGACACCA-1	16
Dhcr24TG_GGCTCGAAGTTGTAGA-1	8
Dhcr24TG_GGCTCGATCAACACTG-1	87
Dhcr24TG_GGCTGGTAGCTAACAA-1	71
Dhcr24TG_GGCTGGTCAGGACCCT-1	2
Dhcr24TG_GGGAATGAGTTTGCGT-1	72
Dhcr24TG_GGGAGATAGTGTCTCA-1	20
Dhcr24TG_GGGAGATGTCGGCATC-1	7
Dhcr24TG_GGGAGATGTCTACCTC-1	62
Dhcr24TG_GGGAGATGTGTCTGAT-1	61
Dhcr24TG_GGGATGAAGTTAAGTG-1	13
Dhcr24TG_GGGCACTAGCCAGGAT-1	65
Dhcr24TG_GGGCACTTCGTTACGA-1	107
Dhcr24TG_GGGCATCAGTACCGGA-1	46
Dhcr24TG_GGGCATCGTTGTTTGG-1	34
Dhcr24TG_GGGTTGCAGTTAAGTG-1	18
Dhcr24TG_GGTATTGCATTCTCAT-1	97
Dhcr24TG_GGTATTGTCACTTCAT-1	100
Dhcr24TG_GGTGAAGCATAAGACA-1	70
Dhcr24TG_GGTGAAGGTCTCCATC-1	32
Dhcr24TG_GGTGCGTAGACTACAA-1	101
Dhcr24TG_GGTGCGTCATTATCTC-1	60
Dhcr24TG_GGTGTTACAACACCTA-1	6
Dhcr24TG_GGTGTTAGTAGAAGGA-1	0
Dhcr24TG_GGTGTTATCCCTTGTG-1	51
Dhcr24TG_GTAACGTCAGCTGGCT-1	96
Dhcr24TG_GTAACTGAGCGTTCCG-1	74
Dhcr24TG_GTAACTGAGTACATGA-1	108
Dhcr24TG_GTAACTGTCCCGGATG-1	103
Dhcr24TG_GTACGTACAGTGGGAT-1	85
Dhcr24TG_GTACTCCCAGTGGGAT-1	34
Dhcr24TG_GTAGGCCCATTCCTGC-1	3
Dhcr24TG_GTAGGCCGTCTTCGTC-1	53
Dhcr24TG_GTAGGCCTCCGAATGT-1	56
Dhcr24TG_GTAGTCAAGCATCATC-1	55
Dhcr24TG_GTAGTCAAGCGTGTCC-1	47
Dhcr24TG_GTATCTTGTACCGCTG-1	24
Dhcr24TG_GTATCTTGTCTAGCCG-1	31
Dhcr24TG_GTATCTTTCACTTATC-1	29
Dhcr24TG_GTATTCTAGGGTCGAT-1	56
Dhcr24TG_GTCACAACACATTTCT-1	104
Dhcr24TG_GTCACGGAGATGGCGT-1	82
Dhcr24TG_GTCACGGCACCTTGTC-1	0
Dhcr24TG_GTCACGGTCAGTTTGG-1	71
Dhcr24TG_GTCGGGTAGCAAATCA-1	100
Dhcr24TG_GTCGGGTGTTTGTTGG-1	95
Dhcr24TG_GTCGTAAAGCGATAGC-1	106
Dhcr24TG_GTCGTAACATGATCCA-1	35
Dhcr24TG_GTCTCGTAGGGCTTCC-1	25
Dhcr24TG_GTCTTCGAGCGTGTCC-1	104
Dhcr24TG_GTGAAGGGTTGGAGGT-1	105
Dhcr24TG_GTGCAGCGTATATCCG-1	51
Dhcr24TG_GTGCATACAGTATCTG-1	71
Dhcr24TG_GTGCGGTAGGTACTCT-1	0
Dhcr24TG_GTGCTTCGTAATCACC-1	35
Dhcr24TG_GTGGGTCAGCAAATCA-1	104
Dhcr24TG_GTGGGTCAGGATCGCA-1	85
Dhcr24TG_GTGGGTCGTTCACGGC-1	24
Dhcr24TG_GTGTGCGTCTAACTGG-1	23
Dhcr24TG_GTGTTAGCAGTCAGAG-1	0
Dhcr24TG_GTTAAGCAGCAGCGTA-1	12
Dhcr24TG_GTTCATTCAGTCGATT-1	103
Dhcr24TG_GTTCGGGCAAACCCAT-1	96
Dhcr24TG_GTTCGGGGTGAAGGCT-1	44
Dhcr24TG_GTTCGGGTCCCTAATT-1	35
Dhcr24TG_GTTCTCGCACAACTGT-1	82
Dhcr24TG_GTTCTCGCAGCCACCA-1	103
Dhcr24TG_GTTCTCGCAGTCAGAG-1	92
Dhcr24TG_GTTCTCGGTCTTCAAG-1	98
Dhcr24TG_TAAACCGAGTGGCACA-1	24
Dhcr24TG_TAAACCGGTCCAACTA-1	0
Dhcr24TG_TAAACCGTCTACTCAT-1	70
Dhcr24TG_TAAGAGACATGTCCTC-1	35
Dhcr24TG_TAAGAGATCGTTTGCC-1	24
Dhcr24TG_TAAGCGTGTTTGGGCC-1	21
Dhcr24TG_TAAGTGCGTCGCATCG-1	96
Dhcr24TG_TACACGACACCAGGTC-1	10
Dhcr24TG_TACAGTGCACGACGAA-1	108
Dhcr24TG_TACAGTGTCACCCGAG-1	2
Dhcr24TG_TACCTATCAAGGCTCC-1	63
Dhcr24TG_TACCTTATCCGAAGAG-1	4
Dhcr24TG_TACGGATAGGCTAGCA-1	10
Dhcr24TG_TACGGATAGTGTCCCG-1	12
Dhcr24TG_TACGGATCATGAGCGA-1	100
Dhcr24TG_TACGGTAGTCAGGACA-1	12
Dhcr24TG_TACGGTATCCTAAGTG-1	27
Dhcr24TG_TACTCATAGTGAAGTT-1	64
Dhcr24TG_TACTCATTCACCCGAG-1	95
Dhcr24TG_TACTCGCAGAGATGAG-1	10
Dhcr24TG_TACTCGCCACGGCTAC-1	2
Dhcr24TG_TACTCGCCAGGACCCT-1	45
Dhcr24TG_TACTTGTGTATGAAAC-1	6
Dhcr24TG_TACTTGTGTTCTGTTT-1	13
Dhcr24TG_TACTTGTTCCGAACGC-1	67
Dhcr24TG_TAGACCATCAGCGACC-1	96
Dhcr24TG_TAGAGCTAGAGTAATC-1	91
Dhcr24TG_TAGAGCTGTAGGCATG-1	110
Dhcr24TG_TAGAGCTTCATCTGCC-1	33
Dhcr24TG_TAGAGCTTCCCAAGAT-1	61
Dhcr24TG_TAGCCGGGTACATGTC-1	94
Dhcr24TG_TAGGCATAGGTAGCCA-1	3
Dhcr24TG_TAGTGGTCAAGTCATC-1	80
Dhcr24TG_TAGTGGTTCTCCCTGA-1	5
Dhcr24TG_TAGTTGGAGTAAGTAC-1	13
Dhcr24TG_TATCTCATCAAACCGT-1	35
Dhcr24TG_TATTACCAGCTAGGCA-1	49
Dhcr24TG_TCAACGAAGATGTAAC-1	0
Dhcr24TG_TCAACGAAGCCACTAT-1	105
Dhcr24TG_TCAACGATCTACTTAC-1	31
Dhcr24TG_TCAATCTAGTAGATGT-1	49
Dhcr24TG_TCAATCTGTGTGCCTG-1	15
Dhcr24TG_TCACGAACAAGTCTAC-1	2
Dhcr24TG_TCACGAACAGGGATTG-1	15
Dhcr24TG_TCACGAATCCGTAGGC-1	64
Dhcr24TG_TCACGAATCCTGCAGG-1	74
Dhcr24TG_TCAGCAACAGTCTTCC-1	62
Dhcr24TG_TCAGCAAGTAAGTAGT-1	21
Dhcr24TG_TCAGCAATCGTAGATC-1	85
Dhcr24TG_TCAGCTCCAGGGAGAG-1	26
Dhcr24TG_TCAGCTCCATCCTAGA-1	54
Dhcr24TG_TCAGCTCGTGAAATCA-1	83
Dhcr24TG_TCAGCTCGTTAAGGGC-1	37
Dhcr24TG_TCAGGATAGAGACTTA-1	53
Dhcr24TG_TCAGGATGTCGGGTCT-1	68
Dhcr24TG_TCAGGATGTTTACTCT-1	26
Dhcr24TG_TCATTACGTCTAGAGG-1	15
Dhcr24TG_TCATTTGGTCTTCAAG-1	16
Dhcr24TG_TCATTTGTCTGGAGCC-1	53
Dhcr24TG_TCCACACAGAGCTATA-1	25
Dhcr24TG_TCCACACTCCACGTTC-1	64
Dhcr24TG_TCCCGATAGCTATGCT-1	92
Dhcr24TG_TCGAGGCGTAAGGGAA-1	49
Dhcr24TG_TCGCGTTGTAGAGTGC-1	33
Dhcr24TG_TCGCGTTTCATAGCAC-1	106
Dhcr24TG_TCGCGTTTCATCGATG-1	51
Dhcr24TG_TCGGGACGTCATCCCT-1	45
Dhcr24TG_TCGGGACGTTGCGTTA-1	39
Dhcr24TG_TCGTACCCATAGAAAC-1	4
Dhcr24TG_TCGTACCGTACCCAAT-1	42
Dhcr24TG_TCGTAGATCTCGTTTA-1	81
Dhcr24TG_TCTATTGAGTTACGGG-1	26
Dhcr24TG_TCTATTGTCGCTTAGA-1	90
Dhcr24TG_TCTATTGTCTGAGGGA-1	99
Dhcr24TG_TCTCATAGTTAAGACA-1	62
Dhcr24TG_TCTCTAAAGCCTTGAT-1	38
Dhcr24TG_TCTCTAAAGGATGGTC-1	105
Dhcr24TG_TCTCTAAAGTAGCCGA-1	52
Dhcr24TG_TCTGAGAAGTTCGCGC-1	96
Dhcr24TG_TCTGAGAGTCTCTTTA-1	88
Dhcr24TG_TCTGAGATCGACGGAA-1	107
Dhcr24TG_TCTGGAAAGCGTTTAC-1	24
Dhcr24TG_TCTTCGGAGTGGCACA-1	31
Dhcr24TG_TCTTCGGCAAATTGCC-1	85
Dhcr24TG_TCTTCGGCAGCTCGCA-1	32
Dhcr24TG_TGACTTTCAGATCTGT-1	61
Dhcr24TG_TGACTTTTCTCAAACG-1	71
Dhcr24TG_TGACTTTTCTGGCGTG-1	86
Dhcr24TG_TGAGAGGAGAGGTAGA-1	34
Dhcr24TG_TGAGCCGGTGCCTGTG-1	57
Dhcr24TG_TGCCCATTCAAGAAGT-1	61
Dhcr24TG_TGCCCTACACCAGCAC-1	51
Dhcr24TG_TGCCCTAGTTCTCATT-1	110
Dhcr24TG_TGCCCTATCCCTTGCA-1	15
Dhcr24TG_TGCGCAGCAATAGAGT-1	91
Dhcr24TG_TGCGCAGCACTCGACG-1	96
Dhcr24TG_TGCTGCTCAAGCGTAG-1	22
Dhcr24TG_TGCTGCTCAAGTTCTG-1	57
Dhcr24TG_TGCTGCTTCAACTCTT-1	94
Dhcr24TG_TGGCCAGCATGGGAAC-1	52
Dhcr24TG_TGGCCAGTCCAGAAGG-1	103
Dhcr24TG_TGGCTGGGTACGACCC-1	19
Dhcr24TG_TGGGAAGGTCGTGGCT-1	95
Dhcr24TG_TGGGAAGTCGGAGGTA-1	62
Dhcr24TG_TGGGCGTGTTCCACTC-1	25
Dhcr24TG_TGGTTAGGTACTCTCC-1	108
Dhcr24TG_TGGTTCCAGAATGTTG-1	22
Dhcr24TG_TGGTTCCTCCAGGGCT-1	71
Dhcr24TG_TGTATTCAGTGCAAGC-1	53
Dhcr24TG_TGTGGTACATAAAGGT-1	86
Dhcr24TG_TGTGGTAGTGATGTCT-1	71
Dhcr24TG_TTAACTCAGGCAAAGA-1	111
Dhcr24TG_TTAACTCCAAGCGCTC-1	30
Dhcr24TG_TTAACTCTCATAACCG-1	61
Dhcr24TG_TTAACTCTCGAACTGT-1	0
Dhcr24TG_TTAGGACAGACTGGGT-1	20
Dhcr24TG_TTAGGACCATTGTGCA-1	94
Dhcr24TG_TTAGGCAAGAGTACAT-1	8
Dhcr24TG_TTAGGCAAGGGCATGT-1	33
Dhcr24TG_TTAGGCACATCGATTG-1	81
Dhcr24TG_TTAGGCAGTAGCGTCC-1	23
Dhcr24TG_TTAGGCATCGGCGCTA-1	0
Dhcr24TG_TTAGTTCGTGTCCTCT-1	70
Dhcr24TG_TTAGTTCGTTGTCTTT-1	13
Dhcr24TG_TTATGCTTCCATGAAC-1	21
Dhcr24TG_TTCCCAGCAATTGCTG-1	29
Dhcr24TG_TTCCCAGCAGCAGTTT-1	53
Dhcr24TG_TTCGAAGAGACGCAAC-1	14
Dhcr24TG_TTCGAAGAGCTGCCCA-1	83
Dhcr24TG_TTCGAAGGTGTGCCTG-1	101
Dhcr24TG_TTCGAAGTCAGCCTAA-1	53
Dhcr24TG_TTCGGTCAGGGTATCG-1	79
Dhcr24TG_TTCGGTCTCCACGAAT-1	14
Dhcr24TG_TTCGGTCTCGGCATCG-1	64
Dhcr24TG_TTCTACAAGACACTAA-1	94
Dhcr24TG_TTCTACAAGCCACCTG-1	81
Dhcr24TG_TTCTACACATCTATGG-1	41
Dhcr24TG_TTCTACACATTGGCGC-1	26
Dhcr24TG_TTCTTAGCACGGCGTT-1	78
Dhcr24TG_TTGAACGCAAATACAG-1	79
Dhcr24TG_TTGAACGGTCAGAGGT-1	66
Dhcr24TG_TTGAACGGTCTTGCGG-1	101
Dhcr24TG_TTGACTTTCTCTGTCG-1	52
Dhcr24TG_TTGCCGTTCTACCTGC-1	34
Dhcr24TG_TTGGAACAGGACAGCT-1	98
Dhcr24TG_TTGGAACAGTTTGCGT-1	16
Dhcr24TG_TTGTAGGAGGCGACAT-1	85
Dhcr24TG_TTGTAGGGTATCACCA-1	0
Dhcr24TG_TTGTAGGGTTCGCGAC-1	9
Dhcr24TG_TTTACTGAGAGTAATC-1	97
Dhcr24TG_TTTACTGCACATGGGA-1	71
Dhcr24TG_TTTACTGCACTTACGA-1	0
Dhcr24TG_TTTACTGGTAGCCTCG-1	55
Dhcr24TG_TTTATGCCAGAGCCAA-1	39
Dhcr24TG_TTTATGCGTAAGTGTA-1	105
Dhcr24TG_TTTATGCTCATAAAGG-1	43
Dhcr24TG_TTTATGCTCGCTTGTC-1	21
Dhcr24TG_TTTATGCTCTCGATGA-1	91
Dhcr24TG_TTTGCGCTCTATCCCG-1	91
Dhcr24TG_TTTGGTTGTCACACGC-1	30
Dhcr24TG_TTTGTCAAGACCCACC-1	96
